infobox_type	count	was_included	include_in_future
football_club	27448	1	0
football_league_season	24296	0	0
football_club_season	22769	0	0
name_module	17876	1	0
chinese	17706	1	0
sports_competition_event	13460	0	0
award	13082	1	0
korean_name/auto	12987	1	0
ncaa_team_season	10642	0	0
journal	9950	1	0
animanga/print	9925	0	0
uk_legislation	9900	1	0
football_tournament_season	8991	0	0
islands	8947	1	0
character	8423	1	0
olympic_event	7871	1	0
magazine	7867	1	0
rail_line	7745	1	0
animanga/video	7706	0	0
animanga/header	7555	0	0
animanga/footer	7549	0	0
ethnic_group	7349	1	0
soap_character	6835	1	0
sports_season	6677	0	0
official_post	6636	1	0
football_match	6524	0	0
medical_condition_(new)	6523	1	0
television_channel	6457	0	0
rockunit	6425	0	0
website	6423	1	0
international_football_competition	6258	0	0
racehorse	5636	0	0
sports_league	5324	0	0
locomotive	5024	0	0
tennis_tournament_event	5013	0	0
enzyme	4958	0	0
mma_event	4929	0	0
food	4926	0	0
cycling_race_report	4902	0	0
drug	4869	0	0
planet	4615	0	0
bilateral_relations	4565	1	0
given_name	4483	0	0
scotus_case	4434	0	0
street	4433	1	0
recurring_event	4361	1	0
reality_competition_season	4162	0	0
court_case	4111	1	0
diocese	4060	1	0
spaceflight	3949	0	0
comics_character	3762	0	0
wrestling_event	3731	0	0
concert	3695	0	0
coa_wide	3546	1	0
comics_creator	3522	1	0
paralympic_event	3355	0	0
baseball_team_season	3294	0	0
tennis_event	3247	0	0
rail_service	3247	0	0
galaxy	3227	0	0
romanian_subdivision	3164	0	0
basketball_club	3146	1	0
chinese/chinese	3103	1	0
designation_list	3031	1	0
slovak_place	3015	0	0
u.s._county	2970	1	0
greek_dimos	2964	0	0
pan_american_games_event	2880	0	0
rail	2807	1	0
curler	2802	1	0
political_post	2789	1	0
football_league	2749	0	0
cricket_tournament	2733	0	0
sport_event	2710	0	0
multi-sport_competition_event	2692	0	0
monument	2652	1	0
athletics_championships	2644	0	0
horseraces	2635	0	0
medical_condition	2631	0	0
canada_electoral_district	2631	0	0
rugby_team	2624	0	0
legislation	2568	1	0
hurling_championship	2557	0	0
prepared_food	2444	0	0
nascar_race_report	2440	0	0
nfl_team_season	2333	0	0
un_resolution	2293	1	0
legislative_district	2289	0	0
military_structure	2158	1	0
french_subdivision	2144	0	0
football_tournament	2105	0	0
deity	2090	1	0
holiday	2089	1	0
grand_prix_race_report	2084	0	0
radio_show	2074	1	0
korean_name	2073	1	0
brand	2061	1	0
game	2049	1	0
surname	2036	1	0
games	2036	0	0
ncaa_basketball_conference_tournament	2032	0	0
speed_skater	2028	1	0
ice_hockey_team_season	2019	0	0
sssi	2015	1	0
protein_family	1955	0	0
nobility	1955	1	0
mineral	1926	0	0
bishopstyles	1906	1	0
minor_league_baseball	1868	0	0
song_contest_national_year	1866	0	0
music_festival	1839	1	0
sport_governing_body	1776	0	0
portuguese_subdivision	1765	1	0
curling	1763	0	0
golf_tournament	1760	0	0
national_football_team	1711	1	0
commonwealth_games_event	1704	0	0
sports_team	1687	0	0
union	1663	0	0
military_award	1656	1	0
film_festival	1643	0	0
anatomy	1641	0	0
cultivar	1621	0	0
badminton_event	1588	0	0
treaty	1563	1	0
ice_hockey_team	1563	0	0
lunar_crater	1554	0	0
bus_transit	1550	1	0
worldscouting	1548	0	0
beauty_pageant	1536	0	0
nfl_season	1530	0	0
cycling_race	1497	0	0
cricket_tour	1490	0	0
earthquakes_in_month	1443	0	0
public_transit	1425	1	0
u.s._legislation	1386	0	0
family	1384	1	0
australian_electorate	1377	0	0
field_hockey	1376	0	0
cricket_team	1375	0	0
rugby_union_season	1373	0	0
gaa_club	1364	0	0
individual_golf_tournament	1360	0	0
tennis_tournament	1358	0	0
sports_rivalry	1326	0	0
basketball_league_season	1326	0	0
flag	1309	1	0
japanese	1309	1	0
individual_snooker_tournament	1303	0	0
horseracing_personality	1299	1	0
gene	1276	0	0
legislative_term	1269	0	0
color	1264	1	0
ncaa_football_yearly_game	1252	0	0
awards_list	1244	1	0
national_basketball_team	1219	0	0
fivb_tournament	1214	0	0
book_series	1213	1	0
protein	1201	0	0
hiking_trail	1201	1	0
rfam	1188	0	0
golf_season	1183	0	0
racing_car	1176	1	0
football_official	1167	1	0
cricket_ground	1145	1	0
swimming_event	1141	0	0
institute	1096	1	0
judo_competition_event	1087	0	0
alpine_ski_racer	1070	0	0
malaysia_electoral_district	1049	0	0
instrument	1041	0	0
name	1039	0	0
diagnostic	1038	0	0
mp	1035	1	0
coat_of_arms	1017	1	0
medical_intervention	1007	0	0
beverage	1005	0	0
international_handball_competition	1003	0	0
nba_season	1002	0	0
southeast_asian_games_event	996	0	0
sports_award	994	0	0
pro_wrestling_championship	993	0	0
fraternity	992	0	0
place_symbols	988	1	0
animanga/other	984	0	0
animanga/game	971	0	0
ecoregion	969	0	0
nobility_title	967	1	0
boxing_match	963	0	0
sport_tournament	962	1	0
ncaa_baseball_conference_tournament	962	0	0
international_hockey_competition	955	0	0
baseball_team	953	0	0
cycling_team	951	1	0
frazione	950	1	0
os	949	0	0
animal	936	1	0
golf_facility	927	1	0
athletics_race	926	1	0
historic_subdivision	925	1	0
feature_on_celestial_object	922	0	0
table_tennis_player	922	1	0
convention	904	0	0
fiba_tourney	899	0	0
handball_club	897	0	0
roller_coaster	887	0	0
ski_area	882	1	0
horse_race	877	0	0
order	856	0	0
song_contest_entry	835	0	0
rugby_league_team_season	830	0	0
kommune	820	1	0
broadcasting_network	809	0	0
australian_football_club	801	1	0
rpg	798	0	0
simpsons_episode	798	0	0
podcast	796	1	0
sports_draft	792	0	0
australian_rules_football_season	787	0	0
hockey_team	783	0	0
high_court	781	0	0
anthem	777	0	0
given_name_revised	771	0	0
rugby_league_club	770	1	0
poker_player	769	1	0
motorsport_championship	768	1	0
bus_line	764	0	0
professional_wrestling_event	762	0	0
theatre	760	0	0
tournament	725	0	0
attraction	714	1	0
orchestra	713	0	0
individual_darts_tournament	708	0	0
international_ice_hockey_competition	707	0	0
champ_car_driver	690	1	0
u.s._congressional_district	688	0	0
media_franchise	681	1	0
motor_race	680	0	0
russian_rural_locality	677	0	0
vg	663	0	0
observatory	656	1	0
gaa_championship	649	0	0
cycling_championship	648	0	0
drink	629	1	0
new_zealand_suburb	625	0	0
fashion_designer	613	1	0
poem	611	0	0
military_memorial	606	1	0
spaceflight/dock	601	0	0
wrestling_team	600	0	0
international_basketball_competition	599	0	0
ethnonym	592	1	0
cricket_club_season	589	0	0
command_structure	579	0	0
spaceflight/ip	574	0	0
rugby_football_league_season	569	0	0
oil_field	566	0	0
ipa	565	0	0
greece_place	561	0	0
le_mans_driver	559	1	0
nycs	559	0	0
subdivision_type	556	1	0
rugby_league_football_competition	556	0	0
volleyball_club	555	0	0
sport	548	0	0
state_highway_system	544	0	0
brain	542	0	0
nonhuman_protein	541	0	0
grapheme	535	0	0
skating_event	528	0	0
hromada	527	0	0
rally	526	0	0
office_holder	522	1	1
xc_championships	521	0	0
comet	516	0	0
international_baseball_tournament	513	0	0
military_rank	511	0	0
sport_overview	510	0	0
solar_eclipse	504	0	0
windmill	500	0	0
grape_variety	499	0	0
fila_wrestling_event	495	0	0
tennis_grand_slam_events	494	0	0
currency	493	0	0
tennis_tournament_year	491	0	0
kibbutz	489	0	0
national_volleyball_team	489	0	0
rugby_tournament	486	0	0
region_symbols	484	1	0
card_game	481	1	0
document	477	1	0
tour_rugby	471	0	0
united_states_federal_proposed_legislation	465	0	0
mapframe	462	1	1
ncaa_soccer_conference_tournament	462	0	0
identity_document	456	0	0
squash_tournament	456	0	0
interventions	455	1	0
non-profit	455	1	1
cardinalstyles	451	1	0
wrc_driver	447	1	0
forest	440	0	0
tennis_circuit_season	438	0	0
legislative_session	435	0	0
court	433	0	0
cheese	430	0	0
atp_challenger_tournament	430	0	0
cpu	429	0	0
tram_network	428	0	0
number	426	0	0
biodatabase	415	0	0
rugby_sevens	412	0	0
dog_breed	411	0	0
indoor_american_football_team	411	0	0
basketball_club_season	410	0	0
urban_feature	409	1	0
top_level_domain	408	0	0
project	405	0	0
intangible_heritage	404	1	0
rowing_club	402	0	0
universiade_event	402	0	0
all-ireland_hurling	402	0	0
world_games_event	402	0	0
hereditary_title	401	1	0
comics_story_arc	400	0	0
single	397	0	0
song_contest	396	0	0
product	394	1	0
swimming_meet	394	0	0
administration	391	1	1
folk_tale	389	0	0
squash_championship	384	0	0
nebula	382	0	0
pro_hockey_team	381	0	0
laboratory	380	0	0
computing_device	378	0	0
uk_bus	378	0	0
cbb_team	377	0	0
double_wintersport_world_cup	376	0	0
given_name2	374	0	0
afl_club_season	371	0	0
egyptian_dignitary	370	1	0
cricket_tournament_main	369	1	0
occupation	368	1	0
national_hockey_team	367	0	0
mythical_creature	363	1	0
ncaa_conference_tournament	361	0	0
national_handball_team	361	0	0
pba_season	361	0	0
factory	354	1	0
record_charts	354	0	0
unicode_block	353	0	0
american_football_team	353	0	0
racecourse	348	0	0
cardinal_styles	346	1	0
religious_text	344	1	0
bone	341	0	0
named_horse	341	1	0
fire_department	340	1	1
cricket_series	340	0	0
economy	339	1	0
railway_depot	337	0	0
font	336	1	0
mandir	335	1	0
artery	333	0	0
roller_derby_league	332	0	0
nerve	330	0	0
photographic_lens	330	0	0
theatre_group	325	0	0
lgbt_rights	325	0	0
toy	321	0	0
cycling_team_season	319	0	0
lunar_eclipse	317	0	0
motor_racing_team	316	1	0
v8_supercar_race_report	316	0	0
basketball_game	315	0	0
fictional_location	313	1	0
film_or_theatre_festival	311	0	0
architectural_practice	310	1	0
ski_jumper	309	0	0
technology_standard	308	0	0
cycling_season	305	0	0
sailing_competition	305	1	0
basketball_tournament_season	303	0	0
mexican_federal_electoral_district	300	0	0
united_states_legislative_district	300	0	0
horse_breed	299	0	0
united_states_district_court_case	298	1	0
ncaa_ice_hockey_conference_tournament	298	0	0
rugby_league_season	297	0	0
exchange	296	0	0
shogi_professional	295	1	1
muscle	293	0	0
tennis_cup_team	293	0	0
engineering_career	289	1	1
crater_data	288	0	0
basketball_league	287	0	0
convention_center	284	0	0
coa_case	283	0	0
dance	282	0	0
castrum	282	1	0
england_and_wales_ward	279	0	0
royal_styles	278	1	1
housing_project	278	0	0
lacrosse_team_season	277	0	0
wrestling_promotion	276	0	0
open_cluster	269	0	0
egyptian_tomb	267	0	0
unit	266	0	0
field_hockey_club	266	0	0
vehicle_registration_plate	265	0	0
manuscript	262	1	0
nascar_team	260	1	0
pipeline	257	0	0
youtube_personality	256	1	1
wrestling_ppv_series	254	0	0
basketball_final_four	253	0	0
place_demographics	250	0	0
peer	249	1	1
central_committee_outline	248	0	0
vein	247	0	0
national_futsal_team	247	0	0
continental_football	242	0	0
dogbreed	240	0	0
radio_network	240	0	0
seamount	239	0	0
american_championship_car_race_report	238	0	0
world's_fair	237	0	0
spring	235	1	0
cattle_breed	234	0	0
census	234	0	0
gaa_tournament	233	0	0
yacht_club	232	1	0
athletics_competition	232	0	0
comics_meta_series	230	0	0
poultry_breed	230	0	0
motocross_rider	228	0	0
electric_vehicle	225	0	0
national_olympic_committee	223	0	0
caste	222	0	0
choir	220	0	0
national_rugby_team	219	0	0
ncaa_basketball_tournament	219	0	0
bach_composition	216	0	0
australian_rules_football_match	216	0	0
national_field_hockey_team	215	0	0
gaa_league	215	0	0
hockey_tournament_season	214	0	0
meteorite	210	0	0
gridiron_football_team_season	209	0	0
central_bank	208	0	0
cycling_path	208	0	0
concentration_camp	207	0	0
team_golf_tournament	207	0	0
u.s._courts_of_appeals_case	205	0	0
summit	205	0	0
gaa_championship_main	204	0	0
constitution	203	0	0
kangxi_radical	202	0	0
speedway_league_season	201	0	0
rocket_engine	200	0	0
football_derby	200	0	0
ice_hockey_game	200	0	0
sheep_breed	199	0	0
rugby_world_sevens	196	0	0
parapan_american_games_event	196	0	0
power_transmission_line	195	0	0
itf_women's_circuit_tournament	194	0	0
medieval_text	193	0	0
polyhedron	190	0	0
tree	190	0	0
skyscraper	190	0	0
examination	188	0	0
launch_pad/pad	187	1	0
embryology	186	0	0
heritage_railway	186	0	0
place	186	0	0
curling_event	183	0	0
canadian_football_game	183	0	0
national_baseball_team	183	0	0
ligament	182	0	0
cvg	182	0	0
rugby_league_football_match	181	0	0
ncaa_baseball_tournament	181	0	0
spaceflight/instruments	180	0	0
haplogroup	180	0	0
national_sports_federations	180	0	0
ncaa_softball_conference_tournament	179	0	0
network_service_provider	178	1	0
pier	177	0	0
clothing_type	175	0	0
emblem	174	1	1
operational_plan	174	1	0
national_badminton_team	174	0	0
character_encoding	173	0	0
district_de	173	0	0
geographical_indication	173	0	0
ncaa_ice_hockey_season	173	0	0
youtube_channel	172	1	0
german_district	172	0	0
pinball	172	0	0
six_nations_championship_2	171	0	0
nutritional_value	170	0	0
trail	170	0	0
scc	170	0	0
chess_opening	168	0	0
skyline	167	0	0
military_gear	167	0	0
rugby_league_international_tournament	164	0	0
coat_of_arms_wide	162	1	1
rugby_football_league_challenge_cup	162	0	0
winter_sport_world_cup	162	0	0
am	161	1	0
speedway_grand_prix_event	161	0	0
monarchy	159	1	0
drug_class	158	0	0
arabic_name	158	1	1
research_institute	157	0	0
rugby_league_representative_team	157	0	0
eu_legislation	156	0	0
festival	156	0	0
native_american_leader	156	1	0
trolleybus_system	156	0	0
element/symbol-to-name	155	0	0
waterlock	155	0	0
globular_cluster	154	0	0
sailing_yacht	154	0	0
fictional_race	152	1	0
oil_refinery	152	0	0
water_transit	151	0	0
state_representative	151	1	0
filmography_list	151	1	0
ncaa_ice_hockey_tournament	151	0	0
former_monarchy	150	1	0
football_association	150	0	0
retail_market	148	0	0
united_states_elections	148	0	0
programming_block	147	0	0
uk_transmitter	147	0	0
bibliographic_database	146	0	0
ragam	145	0	0
sports_club	144	0	0
online_service	143	0	0
football_all-ireland	143	0	0
limited_overs_final	143	0	0
european_rugby_cup_season	143	0	0
gp2_round_report	142	0	0
national_political_convention	141	0	0
fault	141	0	0
electronic_payment	141	0	0
italian_frazione	141	0	0
political_system	140	0	0
pre-modern_nfl_team	140	0	0
encyclical	139	0	0
snooker_tournament	139	0	0
scottish_distillery	139	0	0
athletics_club	139	0	0
hurling_all-ireland	139	0	0
cinema_market	138	0	0
pba_conference	138	0	0
graph	137	0	0
typeface	137	0	0
fbi_ten_most_wanted	137	1	0
stage_production	137	0	0
novel_series	137	0	0
cell	136	0	0
archives	135	0	0
roller_coaster_extend	135	0	0
superbike_race_report	135	0	0
pba_conference_finals	133	0	0
polishcoa	132	0	0
ncaa_division_i_men's_basketball_season	132	0	0
professional_bowler	130	0	0
u.s._federal_court	129	0	0
ncaa_tournament_yearly	129	0	0
horse	128	0	0
tennis_player_season	128	0	0
american_indian_chief	127	1	0
tractor	127	0	0
mep	127	0	0
physical_quantity	126	0	0
aerial_lift_line	126	1	0
iwi	126	0	0
earthquakes_in_year	126	0	0
ncaa_basketball_rankings	125	0	0
hieroglyphs	124	1	1
united_states_congress	124	0	0
uk_postcode_area	124	0	0
australian_year	124	0	0
floorball_club	124	0	0
oilfield	123	0	0
professional_wrestling_championship	123	0	0
futurama_episode	123	0	0
twenty20_club_season	122	0	0
connector	121	0	0
engine	120	0	0
fossil	120	1	0
mtgset	120	0	0
sports_announcer_details	117	1	1
ncaa_football_rankings	117	0	0
rugby_world_cup	116	0	0
u.s._presidential_document	115	0	0
vg_series	115	0	0
sport_supporter_group	115	0	0
sports_announcer	115	1	0
lego_theme	113	0	0
tool	112	0	0
olympic_games	112	0	0
ski_jumping_hill	112	0	0
cardgame	111	0	0
launch_pad	111	1	0
papal_conclave	111	0	0
darts_tournament	111	0	0
fia_formula_2_race_report	111	0	0
peninsulas	110	0	0
national_water_polo_team	110	0	0
pepper	109	0	0
students_union	109	1	0
computer_virus	108	0	0
european_case	108	0	0
stanley_cup_final	108	0	0
australian_rules_football_grand_final	108	0	0
new_zealand_suburbs	108	0	0
tournament_season	107	0	0
nfl	107	0	0
astronomical_survey	106	0	0
calculator	106	0	0
archbishop_styles	106	0	0
upanishad	106	0	0
border	105	0	0
u.s._state_legislation	105	0	0
astronomical_event	105	0	0
ncaabasketballsinglegame	105	0	0
symbol	104	0	0
comic	104	0	0
first_lady	104	0	0
hot_spring	103	0	0
soap_character_2	103	0	0
manner_of_address	102	1	1
time_zone	102	0	0
film_award	102	0	0
us_supreme_court_case	101	0	0
airliner_accident	101	0	0
pig_breed	100	0	0
rugby_club_season	100	0	0
media	99	0	0
element/symbol-to-z	99	0	0
mlb_all-star_game	99	0	0
scotland_ward	99	0	0
catholic_apparition	98	1	0
pahistoric	98	1	0
director	98	0	0
surah	98	0	0
galaxy_cluster	97	0	0
hrhstyles	97	1	1
element/symbol-to-spectral-lines-image	97	0	0
emu	97	0	0
g.i._joe_character	97	0	0
ph_collegiate_finals	97	0	0
gaa_match	97	0	0
block_cipher	96	0	0
gpu	96	0	0
medical_details	96	1	1
six_nations_championship	96	0	0
laboratory_equipment	95	0	0
webcomic	95	0	0
plant_disease	95	0	0
magic:_the_gathering_player	95	1	0
fragrance	95	0	0
soccer_club_season	95	0	0
electronic_component	94	0	0
property_development	94	0	0
lcs	94	0	0
basketball_player	94	1	0
pigeonbreed	93	0	0
month	92	0	0
clothing_item	92	0	0
os_version	92	0	0
campground	92	1	0
thoroughbred_racehorse	92	0	0
international_softball_tournament	92	0	0
raga	91	0	0
boxingmatch	91	0	0
motorway_services	91	0	0
robot	90	0	0
constellation	89	0	0
baseball_hall_of_fame_ballot	89	0	0
mla	89	1	0
water_ride	89	0	0
world_rx_event_report	89	0	0
machine	88	0	0
nba_all-star_game	88	0	0
pageant	87	0	0
rugby_union_tour	87	0	0
judo_technique	86	0	0
farm	86	1	0
swimming_pool	86	0	0
nfl_single_game	86	0	0
vietnamese	85	1	1
goat_breed	85	0	0
whisky_distillery	85	0	0
cluster	85	0	0
pba_season_league	84	0	0
pba_season2	84	0	0
nbl_season	84	0	0
rock	83	0	0
rabbi	83	0	0
software_license	82	1	0
rail_network	82	0	0
knot	82	0	0
year_in_spaceflight	82	0	0
pool_tournament	82	0	0
tea	81	0	0
education	81	0	0
world_series_expanded	80	0	0
internet_exchange_point	80	0	0
baseball_game	80	0	0
people	80	1	0
bibliography	80	1	0
superfund	79	0	0
papal_document	79	0	0
handball_league_season	79	0	0
buddha	78	0	0
textile	78	0	0
chess_match	78	0	0
philippine_partylist_group	78	0	0
russian_federal_subject	77	1	0
olympic_sport	77	0	0
lymph	77	0	0
rugby_league_cup	77	0	0
cpu_architecture	76	0	0
space_agency	76	0	0
boat_race	76	0	0
network	76	0	0
water_supply_and_sanitation	76	0	0
international_floorball_competition	76	0	0
gp3_round_report	76	0	0
viceroy_styles	75	1	1
congressman	75	1	0
v8_supercar_record	75	0	0
bio	75	1	0
international_netball_competition	75	0	0
performing_art	74	0	0
comics_team_and_title	74	0	0
baseball_championship_series	74	0	0
hut	74	0	0
pro_bowl	74	0	0
new_zealand_electorate	74	0	0
individual_strongman_competition	74	0	0
advertising	73	0	0
parliamentary_group	73	0	0
song_contest_national_year/year	73	0	0
emblem_wide	72	1	1
highway_system	72	0	0
american_football_tournament_season	72	0	0
snooker_season	72	0	0
cryptocurrency	72	1	0
owl_season	72	0	0
vafa_season	72	0	0
political_division	71	1	0
women	71	0	0
debate	71	0	0
bus	71	0	0
sport_horse	71	0	0
shinty_club	71	0	0
victorian_football_season	71	0	0
european_cup_rugby_season	70	0	0
netball_team	70	0	0
drums_corps	70	0	0
indy500	70	0	0
ucr	69	1	1
athletics_event	69	0	0
bantu_name	69	1	1
recurring_sailing_competition	69	0	0
sport_club	69	0	0
basketball_final	69	0	0
particle	68	0	0
california_supreme_court_case	68	0	0
urban_development_project	68	0	0
themed_area	68	0	0
fabergé_egg	68	0	0
mpbl_season	68	0	0
fictional_vehicle	67	0	0
archbishop	67	1	0
pipe_band	67	0	0
martial_arts_tournament	67	0	0
philcollfinals	67	0	0
japan_series	67	0	0
motorsport_season	67	0	0
netball_team_season	67	0	0
tram	66	0	0
rugby_league_tour	66	0	0
car	65	0	0
ice_hockey_tournament_season	65	0	0
curling_club	65	0	0
cannabis_overview	65	0	0
military_rating	64	0	0
climbing_route	63	0	0
state_senator	63	1	0
gaelic_games_county_team	63	0	0
fia_formula_3_race_report	63	0	0
protocol	62	0	0
storage_medium	62	0	0
furniture	62	0	0
national_paralympic_committee	62	0	0
former_nascar_team	62	1	0
super_rugby_season	62	0	0
cvg_system	61	0	0
isotope	61	0	0
diamond	61	0	0
industrial_process	61	0	0
heraldry	61	0	0
khl_team	61	0	0
women_by_region	61	0	0
u.s._cabinet	60	1	1
bible_translation	60	0	0
beer	60	0	0
docks	60	0	0
interbank_network	60	0	0
rugby_league	60	0	0
squash_team	60	0	0
dependency	59	1	0
premiership	59	1	1
lunar_mare	59	0	0
koryu	59	0	0
canadianmp	59	0	0
genome	58	0	0
index	58	0	0
financial_index	58	0	0
fusion_devices	58	0	0
rdt	58	0	0
steam_tender	58	0	0
wintersport_world_cup	57	0	0
nhl_team	56	0	0
tv_advert	56	0	0
daytona_500	56	0	0
vfa_season	56	0	0
filesystem	55	0	0
animanga/audio	55	0	0
ferry_route	55	1	0
gaelic_games_county_board	55	0	0
buddhist_term	54	1	0
missions	54	0	0
pali_text	54	0	0
heat_event	54	0	0
baseball_player	54	0	0
human	54	0	0
early_american_football_team_season	54	0	0
wec_race	54	0	0
submarine_communications_cable	53	0	0
comics_species	53	0	0
room	53	0	0
u.s._congressional_committee	53	0	0
national_netball_team	53	0	0
v8_supercar_team	53	0	0
u.s._presidential_elections_by_state	53	0	0
space_program	52	0	0
essay	52	0	0
popestyles	52	0	0
sedimentary_basin	52	0	0
tectonic_plate	52	0	0
circus	52	1	0
rocket_launch	52	0	0
kana	52	0	0
ncaa_division_ii_season	52	0	0
chemical_analysis	51	0	0
piercing	51	0	0
united_states_code	51	0	0
basketball_tournament_at_games	51	0	0
crown	51	0	0
steam_wheel_arrangement	51	0	0
grand_lodge	51	0	0
uk_racecourse	51	0	0
law	51	0	0
lds_in_state	51	0	0
camogie_all-ireland	51	0	0
u.s._state	50	0	0
diving_equipment	50	0	0
super_bowl	50	0	0
cloud	50	0	0
professional_wrestling_team	50	0	0
transmitter	50	0	0
waka	50	0	0
rugby_match	50	0	0
darts_team	50	0	0
micronation	49	1	0
peninsula	49	0	0
research_project	49	0	0
photographer	49	1	0
disney_resort	49	0	0
transliteration	49	1	0
bandy_team	49	0	0
international_lacrosse_competition	49	0	0
kantar_rating	49	0	0
grand_national_assembly_of_turkey_electoral_district	49	0	0
halacha	48	0	0
malware	48	1	0
catbreed	48	0	0
americas_cup_yacht	48	0	0
hockey_league	48	0	0
swim_meet	48	0	0
state_of_origin_series	48	0	0
future_infrastructure_project	47	1	0
bug	47	0	0
rail_companies	47	0	0
martyrs	47	1	0
lds	47	0	0
sea_games_event	47	0	0
rally_raid	47	0	0
national_korfball_team	47	0	0
indic_letter	47	0	0
english_county	46	0	0
medical_intervention_(new)	46	0	0
musical_scale	46	0	0
cat_breed	46	0	0
grappling_hold	46	0	0
badminton_tournament	46	0	0
ortsteil_einer_gemeinde_in_deutschland	46	0	0
czech_senate_district	46	0	0
literary_genre	45	0	0
microanatomy	45	0	0
nuclear_reactor	45	0	0
mascot	45	0	0
olympic_torch_relay	45	0	0
nfl_game	45	0	0
softball_team	45	0	0
ncaa_division_i_women's_volleyball_tournament	45	0	0
ecumenical_council	44	0	0
material	44	0	0
comics_in_other_media	44	0	0
medal_templates	44	1	1
collection	44	0	0
bottled_water	44	0	0
london_ward	44	0	0
national_softball_team	44	0	0
universiade_sport	44	0	0
year_in_combat_sports	44	0	0
continent	43	0	0
f1_engine_manufacturer	43	0	0
tram_route	43	0	0
comedy_group	43	0	0
years_in_athletics	43	0	0
asian_games_sport	43	0	0
ncaa_softball_tournament	43	0	0
ncaa_football_tournament	43	0	0
ncaa_sports_season	43	0	0
birth_control	42	0	0
neuron	42	0	0
supernova	42	0	0
cycling_hill_climb	42	0	0
association	42	0	0
aqueduct_navigable	42	0	0
manhua	42	0	0
league_system	42	0	0
senator	42	0	0
olympic_athletics_event	42	0	0
ncaa_softball_season	42	0	0
indian_state_or_territory	41	0	0
pyramid	41	0	0
medical_specialty	41	0	0
diacritic	41	0	0
meteorite_subdivision	41	0	0
nonprofit	41	0	0
indy500_1911to1941	41	0	0
garden	41	0	0
civil_servant	41	1	0
asian_games_event	41	0	0
ncaa_division_i_ice_hockey_rankings	41	0	0
data_structure	40	0	0
interval	40	0	0
audio_drama	40	0	0
wot_detainees	40	0	0
house	40	0	0
artificial_fly	40	0	0
railroad	40	0	0
electionph	40	0	0
climax_series	40	0	0
gridiron_football_team	39	0	0
halftime_show	39	0	0
tibetan-chinese	39	1	0
swc_event	39	0	0
electricity_sector	38	0	0
dmu	38	0	0
vfl_season	38	0	0
anglican_province	38	0	0
basketball_team	38	0	0
swim_team	38	0	0
urban_development	38	1	0
desalination_plant	38	0	0
youth_olympic_sport	38	0	0
nfl_team	37	0	0
martial_art_group	37	0	0
national_rugby_union	37	0	0
wheelchair_tennis_player	37	0	0
sw_comics	37	0	0
ncaa_division_i_fbs_season	37	0	0
americas_cup_competition	37	0	0
ski_tour_report	37	0	0
national_lacrosse_team	37	0	0
naia_football_season	37	0	0
australian_ward	37	0	0
cabinet_members	36	1	1
distributed_computing_project	36	0	0
integer_sequence	36	0	0
individual_space_vehicle	36	0	0
graphics_processing_unit	36	0	0
tractate	36	0	0
marching_band	36	0	0
triathlete	36	0	0
donkey	36	0	0
philgenchamp	36	0	0
sports_match	36	0	0
paralympic_sport	36	0	0
phrase	35	0	0
place_geography	35	0	0
soil	35	0	0
chord	35	0	0
olympic_bid	35	0	0
international_ice_hockey_federation_nation	35	0	0
player_of_english_billiards	35	1	0
professional_wrestling_promotion	35	0	0
brazilian_carnival	35	0	0
curling_competition	35	0	0
motion	34	0	0
grandslamtournamentsdisciplines	34	0	0
nflchamp	34	0	0
impeachment_process	34	1	0
scotus_cjcourt	34	0	0
olive_cultivar	34	0	0
hockey_awards	34	0	0
squash_wsf_tournament	34	0	0
uksc_case	34	0	0
wnbl_team_season	34	0	0
alternative_medicine	33	0	0
film_movement	33	0	0
web_browser	33	0	0
meteor_shower	33	0	0
medical_equipment	33	0	0
certification_mark	33	0	0
gridiron_football_single_game	33	0	0
mosconi_cup	33	0	0
national_afl_team	33	0	0
world_netball_championship	33	0	0
pretender	32	1	0
us_cabinet	32	0	0
nycs_service	32	0	0
lottery	32	0	0
civilian_award	32	0	0
vg_online_service	32	0	0
administrative_divisions_of_china	32	0	0
international_american_football_tournament	32	0	0
sgp_season	32	0	0
distillery	32	0	0
albanian_place	32	0	0
belgian_bowl	32	0	0
f1_nationality	32	0	0
tcr_international_series_round_report	32	0	0
rugby_europe_international_championships	32	0	0
colour	31	0	0
punctuation_mark	31	0	0
gem	31	0	0
sea	31	0	0
probability_distribution	31	0	0
animal_breed	31	0	0
professional_wrestling_event_series	31	0	0
wtcc_race	31	0	0
uaap_team_season	31	0	0
paris_by_night	31	0	0
mlb	30	0	0
nsp	30	0	0
greyhound	30	0	0
oha_team	30	0	0
particle_accelerator	29	0	0
chipset	29	0	0
aqueduct	29	0	0
sorority	29	0	0
cable	29	0	0
square	29	0	0
a1_grand_prix_team	29	0	0
rugby_league_football_match_(quarters)	29	0	0
identifier	28	0	0
nc_name	28	1	0
bible_chapter	28	0	0
concept	28	0	0
stanley_cup_finals	28	0	0
vg_system	28	0	0
reactor	28	0	0
american_championship_car_season	28	0	0
file_system	27	0	0
battery	27	0	0
climbing_area	27	0	0
acquisition	27	0	0
watch	27	0	0
ncaa_basketball_game	27	0	0
java_version	27	0	0
naia_division_i_football_season	27	0	0
naia_division_ii_football_season	27	0	0
comics_nationality	26	0	0
comics_elements	26	0	0
f1_team	26	0	0
expedition	26	1	0
quasar	26	0	0
egyptian_pyramid	26	0	0
hokkien_name	26	1	0
dual_roller_coaster	26	0	0
astronomical_object	26	0	0
charity	26	0	0
apostolic_exhortation	26	0	0
philippine_collegiate_team	26	0	0
icehockeyteamseason	26	0	0
philippines_court_case	26	1	0
kbo_player	26	0	0
ncaa_division_i-aa_season	26	0	0
art	26	0	0
standardref	25	0	0
chromosome	25	0	0
rune	25	0	0
location	25	0	0
students'_union	25	0	0
new_york_coa_case	25	0	0
paris_metro_line	25	0	0
video_games	25	0	0
basketball_association	25	0	0
nfl_cheerleaders	25	0	0
tennis_match	25	0	0
national_cerebral_palsy_football_team	25	0	0
eucom_spp	25	0	0
ncaa_volleyball_conference_tournament	25	0	0
mongolian_script_letter	25	0	0
equilibrium	24	0	0
knot_theory	24	0	0
martial_art_term	24	0	0
chancellor	24	0	0
candidate	24	1	0
single_nucleotide_polymorphism	24	0	0
currency_sign	24	0	0
office	24	1	0
theatre/wikidata	24	0	0
solar_cycles	24	0	0
afl_national_cup	24	0	0
national_football_team_season	24	0	0
supercomputer	23	0	0
cpu_socket	23	0	0
usfl_team	23	0	0
spree_killer	23	0	0
region	23	0	0
semitic_letter	23	0	0
btcc_record	23	0	0
conference	23	0	0
scotus_nomination	23	0	0
sports_tournament	23	0	0
field_hockey_league_season	23	0	0
npf_draft	23	0	0
philippine_super_liga_conference	23	0	0
netball_quad_series	23	0	0
ncaa_philippines_team_season	23	0	0
polygon	22	0	0
national_flag	22	0	0
korean/auto	22	1	1
swimming_association	22	0	0
frc_game	22	0	0
us_cabinet_official	22	0	0
goldfish_breed	22	0	0
roller_coaster/extend	22	0	0
legal_case	22	0	0
real_tennis_player	22	0	0
molecular_geometry	22	0	0
domestic_cricket_season	22	0	0
hymnal	22	0	0
little_league_world_series_qualification	22	0	0
united_states_proposed_legislation	22	0	0
ncaa_division_i_fcs_season	22	0	0
british_academy_video_games_awards	22	0	0
magic:_the_gathering_pro_tour_season	22	0	0
code	21	0	0
demographics	21	1	1
telecommunications_network	21	0	0
nukes	21	0	0
shooting_sport	21	0	0
rare_stamps	21	0	0
military_officer	21	1	1
olympic_water_polo_tournament	21	0	0
derecho	21	0	0
former_f1_team	21	0	0
sports_conference	21	0	0
gaa_overseas_club	21	0	0
bus_route	21	0	0
comics_creator_biblio	21	0	0
curling_season	21	0	0
cycling_championships	21	0	0
hill	20	0	0
tomato_cultivar	20	0	0
exhibition	20	0	0
sports_division	20	0	0
fictional_business	20	0	0
gotra	20	0	0
concert_tour	20	0	0
national_people's_congress	20	0	0
canton_de_france	20	0	0
national_kabaddi_team	20	0	0
tennis_player	20	0	0
mlb_home_run_derby	20	0	0
synchronized_skating_team	20	0	0
ncaa_division_i_ice_hockey_season	20	0	0
football_club_season2	20	0	0
pan_american_games_bid	20	0	0
hanacaraka	20	0	0
bill	20	0	0
intersex_rights	20	0	0
calendar_date_today	19	0	0
navigation_satellite_system	19	0	0
indycar_team	19	0	0
body_process	19	0	0
comics_set_index	19	0	0
neighborhood	19	0	0
comics_set_and_title	19	0	0
f1_constructor	19	0	0
b&o_named_trains	19	0	0
fictional_family	19	0	0
expedition/wikidata	19	0	0
ladies'_football_all-ireland	19	0	0
ngo	19	0	0
tennis_player_season_2	19	0	0
biathlon_championships	19	0	0
world_championships_in_athletics_event	19	0	0
pvl_conference	19	0	0
periodic_table_group	18	0	0
dialect	18	0	0
sailing_team	18	0	0
whitewater_course	18	0	0
monstertruck	18	0	0
noh	18	0	0
isle_of_man_tt_races	18	0	0
united_states_presidential_transition	18	0	0
minor_football_all-ireland	18	0	0
parish_pt	18	0	0
multigame_series	18	0	0
rc_car_race_report	18	0	0
baseball_league_championship_series	18	0	0
t1_league_season	18	0	0
cuisine	17	0	0
u.s._presidential_commission	17	0	0
card_suit	17	0	0
d&d_character_class	17	0	0
chile_cabinet	17	1	1
effects_unit	17	0	0
vacuum_tube	17	0	0
athletics_series	17	0	0
speech	17	0	0
cricket_final	17	0	0
rock_band_dlc	17	0	0
un	17	0	0
ncaa_soccer_rankings	17	0	0
baseball_league_division_series	17	0	0
astronomical_formation	16	0	0
celts_of_england	16	0	0
non-integer_number	16	0	0
gender_and_sexual_identity	16	0	0
comics_genre	16	0	0
vg_character	16	0	0
u_sports_football_team	16	0	0
mlb_mascot	16	0	0
dungeons_&_dragons_module	16	0	0
shipping_job	16	0	0
sura	16	1	0
indian_elections	16	0	0
bank	16	0	0
face-uniform_tiling	16	0	0
continental_cup	16	0	0
american_football_game	16	0	0
expansion_draft	16	0	0
water_resources_management	16	0	0
bfl_season	16	0	0
under-20_football_all-ireland	16	0	0
ministry	16	0	0
cabinet	16	0	0
odissi_raga	16	0	0
afl_queensland_season	16	0	0
saxophone	15	0	0
cloud_type	15	0	0
communist_organ	15	0	0
incumbency	15	1	1
district	15	0	0
naturraum_in_deutschland	15	0	0
lens_design	15	0	0
superbike_team	15	0	0
football_tournament_at_games	15	0	0
world_bowl	15	0	0
cricket_season	15	0	0
amusement_ride	15	0	0
mining	15	0	0
group	15	0	0
esl_club	15	0	0
fia_formula_two_championship_race_report	15	0	0
sec_season	15	0	0
pseudoscience	14	0	0
regulated_ppe	14	0	0
movie_quote	14	0	0
hill_of_rome	14	0	0
synoptic_hypothesis	14	0	0
f1_race	14	0	0
feud	14	0	0
mancala	14	0	0
avionics	14	0	0
disease	14	0	0
capoeira_technique	14	0	0
gpu_microarchitecture	14	0	0
nippon_professional_baseball_season	14	0	0
ncaa_division_i_basketball_season	14	0	0
winter_season	14	0	0
naia_football_championship_series	14	0	0
winter	14	0	0
ncaa_division_ii_ice_hockey_tournament	14	0	0
deutsche_tourenwagen_masters_round_report	14	0	0
tpbl_season	14	0	0
province_or_territory_of_canada	13	0	0
beer_style	13	0	0
sexuality	13	0	0
nature_reserve	13	0	0
clinical_trial	13	0	0
space_shuttle	13	0	0
loyalty_program	13	0	0
volcanic_hotspot	13	0	0
us_legislation	13	0	0
baseball_championship_tournament	13	0	0
theater	13	0	0
tram_depot	13	0	0
afl_championship	13	0	0
hound_pack	13	0	0
soccer_tournament_season	13	0	0
speedway_league	13	0	0
wnba_team_season	13	0	0
aviation_in_region	13	0	0
icc_situation	13	0	0
all-africa_games_event	13	0	0
word	13	0	0
women's_cricket_tour	13	0	0
international_touring_car_championship_round_report	13	0	0
olympic_gymnastics_event	13	0	0
tasmanian_football_season	13	0	0
botanical_product	12	0	0
weather_type	12	0	0
irc_network	12	0	0
joke	12	0	0
america's_cup_team	12	0	0
awards_list/custom	12	1	1
alternative_intervention	12	0	0
playwright	12	0	0
wargame	12	0	0
martial_art_form	12	0	0
eu_accession_bid	12	0	0
entertainer	12	0	0
machinima	12	0	0
zodiac	12	0	0
producer_discography	12	1	0
gaelic_games_tournament	12	0	0
statue	12	0	0
foundation	12	0	0
ncaa_division_i-a_season	12	0	0
english_case	12	0	0
scotus_case/courts	12	0	0
sports_centre	12	0	0
archive	12	0	0
npb_season	12	0	0
schutzgebiet	12	0	0
politburo	12	0	0
six-man_football_league_season	12	0	0
orienteering_world_cup	12	0	0
superstars_series_round_report	12	0	0
south_asian_games_event	12	0	0
fencing_competition	12	0	0
app	12	0	0
publication	11	0	0
medical_speciality	11	0	0
gunpowder_plot	11	0	0
heteropolypeptide	11	0	0
south_african	11	1	0
space_programme	11	0	0
dalai_lama	11	1	0
weather	11	1	1
water_buffalo_breed	11	0	0
australian_rules_football_league	11	0	0
d&d_module	11	0	0
power_plant	11	0	0
computing_standard	11	0	0
nba_team	11	0	0
service_record	11	0	0
confederate_state_acw	11	0	0
aoe	11	0	0
international_korfball_competition	11	0	0
table_tennis_event	11	0	0
wtcc_race_report	11	0	0
militärischer_konflikt	11	0	0
wnba_all-star_game	11	0	0
first_robotics_competition_game	11	0	0
ufl_team	11	0	0
sports_governing_body	11	0	0
ncaa_wrestling_tournament/event	11	0	0
truck	11	0	0
data_structure-amortized	10	0	0
spanish_missions_in_the_americas	10	0	0
nationality	10	0	0
planetary_nebula	10	0	0
commander	10	1	1
memory	10	0	0
bowl_series	10	0	0
bird/population	10	0	0
chile_cabinet_historical	10	1	1
secretary-general	10	0	0
philippine_mythology	10	0	0
marae	10	0	0
reenactment_group	10	0	0
videogame	10	0	0
fictional_character	10	0	0
irrigation	10	0	0
nhs_foundation_trust	10	0	0
insel	10	0	0
maginot_line	10	0	0
international_futsal_competition	10	0	0
sports_bid	10	0	0
fishery	10	0	0
synagogue	10	0	0
discography	10	0	0
spikers'_turf_conference	10	0	0
national_indoor_hockey_team	10	0	0
wnba_finals_summary	10	0	0
afl_women's_season	10	0	0
marine_ecoregion	10	0	0
ice_show	10	0	0
northern_territory_football_season	10	0	0
logical_connective	9	0	0
fieldbus_protocol	9	0	0
heraldic_knot	9	0	0
arabic_term	9	0	0
heraldic_tincture	9	0	0
bird	9	0	0
cricket_club	9	0	0
musical_interval	9	0	0
historic_engine	9	0	0
european_commission	9	0	0
afl_season	9	0	0
tibetan	9	0	0
control_chart	9	0	0
diver	9	0	0
night_vision_device	9	0	0
afl2	9	0	0
rna_family	9	0	0
cathedral	9	0	0
triathlon_world_cup	9	0	0
military	9	0	0
ncaa_ice_hockey_team_season	9	0	0
wild_card	9	0	0
national_american_football_team	9	0	0
baseball_league_wild_card_game	9	0	0
early_basketball_season	9	0	0
sport_climbing_competition	9	0	0
sports_game	9	0	0
abortion_method	8	0	0
profanity	8	0	0
motorsport_round	8	0	0
bbc_nation_or_region	8	0	0
inscription	8	0	0
tract	8	0	0
antipope	8	0	0
russian_term	8	0	0
six_heretical_teachers	8	1	0
regular_tuning	8	0	0
football_competition	8	0	0
diplomatic_crisis	8	0	0
societies	8	0	0
united_states_federal_legislation	8	0	0
metropolitan_area	8	0	0
aflchamp	8	0	0
uniformed_officer	8	1	1
cinema	8	0	0
football_player	8	0	0
rail_franchise	8	0	0
senate_of_puerto_rico	8	0	0
pbl	8	0	0
kabaddi_league	8	0	0
asian_games_bid	8	0	0
sport_tournament_bid	8	0	0
hurling_team_season	8	0	0
bbl_season	8	0	0
baseball_league_wild_card_series	8	0	0
national_kho_kho_team	8	0	0
scc_cjcourt	8	0	0
gaming_console	7	0	0
hindu_term	7	0	0
polychoron	7	0	0
agricultural_production	7	0	0
element/symbol-to-electron-configuration	7	0	0
game_series	7	0	0
juggling_pattern	7	0	0
soccer_tournament	7	0	0
combat_robot	7	0	0
pastor	7	1	0
high_explosive_test	7	0	0
performer	7	0	0
lgbt_party_wing	7	0	0
italian_wine	7	0	0
japanese_snack	7	0	0
books	7	0	0
sg_rail	7	0	0
trade_union	7	0	0
magic:_the_gathering_set	7	0	0
archive/wikidata	7	0	0
lgbtq_rights	7	0	0
telephone_area_code	7	0	0
asian_comic_series	7	0	0
4-polytope	7	0	0
stellar_association	7	0	0
windsurfer	7	0	0
railway_line	7	0	0
ep	7	0	0
wrc_team	7	0	0
tv_channel	7	0	0
pigeon_breed	7	0	0
national_pitch_and_putt_team	7	0	0
year_in_athletics	7	0	0
state_sc_justice	7	0	0
thai	7	1	0
long_track_national_team	7	0	0
afl_lightning_premiership	7	0	0
national_racquetball_team	7	0	0
nfl_coach	7	0	0
internet_personality	7	0	0
sharee	7	0	0
fiba_tourney/africa_u-16	7	0	0
sars-cov-2_variant	7	0	0
turkish_makam	7	0	0
oils	6	0	0
quality_tool	6	0	0
gwr	6	0	0
tartan	6	0	0
sanitation_technology	6	0	0
world_series	6	0	0
dim	6	0	0
periodical	6	0	0
horse_color	6	0	0
golf_course	6	0	0
national_wheelchair_rugby_team	6	0	0
disc_golf_course	6	0	0
territorium_im_heiligen_römischen_reich	6	0	0
medieval_scottish_diocese	6	0	0
gaelic_games_province	6	0	0
guitar_pickup	6	0	0
worldscouting/uniform	6	0	0
ukrainian_legislative_office	6	1	0
vietnamese_name	6	0	0
en_standard_details	6	0	0
football_team	6	0	0
multi-gene_haplotype	6	0	0
heteroisoform	6	0	0
court_case_2	6	0	0
ftc_game	6	0	0
reservoir	6	0	0
railway	6	0	0
monoisoform	6	0	0
miracle	6	0	0
nhs_trust	6	0	0
uniform_crime_reports	6	0	0
pan_american_games_torch_relay	6	0	0
msp	6	0	0
national_sitting_volleyball_team	6	0	0
state_opening	6	0	0
county_at_gymnastics_event	6	0	0
populated_place	6	0	0
personal_bibliography	6	0	0
igtc_race_report	6	0	0
street/route	6	0	0
bertrand_russell	5	1	1
romanization	5	0	0
fictional_element	5	0	0
lunar_crater_or_mare	5	0	0
music_of_nepal	5	0	0
premier	5	0	0
keyboard	5	0	0
gorge	5	0	0
territory	5	0	0
tal	5	0	0
theory	5	0	0
convention_centre	5	0	0
motorsport_formula	5	0	0
v8_supercar_team_closed	5	0	0
austrian_cabinet	5	0	0
limeskastell	5	0	0
afl_pre-season	5	0	0
field_hockey_team	5	0	0
commonwealth_games_bid	5	0	0
chinese/blank	5	0	0
1920s_nhl_team_season	5	0	0
agreement	5	0	0
gp2_asia_round_report	5	0	0
independent_baseball_team	5	0	0
norwegian_national_political_conventions	5	0	0
asian_games_torch_relay	5	0	0
2011–2012_saudi_arabian_protests	5	0	0
2011–2012_saudi_arabian_protests/refs	5	0	0
phone	5	0	0
eurovision	5	0	0
korean_series	5	0	0
house_of_representatives_of_puerto_rico	5	0	0
natural_region	5	0	0
united_states_impeachment_trial	5	0	0
composition	5	0	0
smartwatch	5	0	0
pvl_conference2	5	0	0
australian_federal_parliaments	5	0	0
aiaw_basketball_rankings	5	0	0
u.s._impeachment_inquiry	5	0	0
fcf_season	5	0	0
football_referee	5	1	0
hottest_100	5	0	0
cpu_series	5	0	0
ncaa_wrestling_tournament	5	0	0
temperate_season	4	0	0
console	4	0	0
too_large	4	1	1
grandslamtournaments	4	0	0
education_by_place	4	0	0
cardinal	4	0	0
military_post	4	0	0
comics_location	4	0	0
subbox_bodystyle	4	0	0
rebreather	4	0	0
wifi_network	4	0	0
genetically_modified_organism	4	0	0
serial_publication	4	0	0
singles_professional_wrestling_match	4	0	0
fusion_device	4	0	0
voting_rights	4	0	0
literary_award	4	0	0
chinese/header	4	1	1
chinese/footer	4	1	1
paintball_marker	4	0	0
ice_hockey_series	4	0	0
canadiansenator	4	0	0
area	4	0	0
dab_ensemble	4	0	0
supercars_championship_team	4	0	0
new_hampshire_supreme_court_case	4	0	0
doll	4	0	0
refinery	4	0	0
family_name	4	0	0
rathayatra	4	0	0
greek_place	4	0	0
rugby_union_club	4	0	0
official_football_team	4	0	0
muslim_scholars	4	0	0
hostel	4	0	0
fictional_object	4	0	0
arenafootballsinglegameheader	4	0	0
algerian_names	4	0	0
shogi_tournament	4	0	0
taiwan_series	4	0	0
artificial_intelligence	4	0	0
ufl	4	0	0
hunt	4	0	0
military_exercise	4	0	0
military_aviation_unit	4	0	0
soccer_club	4	0	0
sprungschanze	4	0	0
boxing_team	4	0	0
designation	4	0	0
neafl_season	4	0	0
state_gun_laws	4	0	0
mma_training_associations	4	0	0
nz_legislation	4	0	0
canyon	4	0	0
state_award	4	0	0
iptl_team_season	4	0	0
fiba_tournament_bid	4	0	0
din	4	0	0
soccer_match	4	0	0
chartplatzierungen	4	1	0
cdl_team_season	4	0	0
olympic_cycling_event	4	0	0
titulardiocese	4	0	0
list_of_episodes	4	0	0
srx_race_report	4	0	0
league_season	4	0	0
antigua_and_barbuda_place	4	0	0
software_licence	3	0	0
nfl_event	3	0	0
probability_distribution_2	3	0	0
number_system	3	0	0
punctuation	3	0	0
soccer_league	3	0	0
alternative_interventions	3	0	0
new_york_cabinet	3	1	1
witness_protection	3	0	0
uyghur	3	1	0
historic_region	3	0	0
crown_jewels	3	0	0
alternative_condition	3	0	0
comics_species_and_title	3	0	0
administrative_divisions_of_russian_federal_subject	3	0	0
cricket_rankings	3	0	0
home_rule	3	0	0
yacht_race	3	0	0
operating_system	3	0	0
varianceanalysis_variancebox	3	0	0
varianceanalysis_varianceboxrec	3	0	0
wyoming_cabinet	3	1	1
training_course	3	0	0
laser_module	3	0	0
magnetosphere	3	0	0
wla_team	3	0	0
administrative_division	3	0	0
swiss_constitution	3	0	0
franchise	3	0	0
political_role	3	0	0
sport_centre	3	0	0
aquarium	3	0	0
ogham_inscription	3	0	0
british_computerised_railway_ticket_system	3	0	0
moshav	3	0	0
ski_tour	3	0	0
aviation	3	0	0
exam	3	0	0
celebrity	3	0	0
too_long	3	1	0
speaker	3	0	0
rugby_league_team	3	0	0
chemical	3	0	0
polish_coat_of_arms	3	0	0
floorball_tournament	3	0	0
albania_place	3	0	0
holocaust_ghetto	3	0	0
ncaaicehockeyteamseason	3	0	0
airliner_incident	3	0	0
alternative_diagnosis	3	0	0
us_court_case	3	0	0
aerial_lift_line/color	3	0	0
uflchamp	3	0	0
state_sc_associate_justice	3	0	0
letter	3	0	0
russian	3	1	1
electrolysis	3	0	0
local_impacts	3	0	0
philippine_super_liga_conference2	3	0	0
portugal_place	3	0	0
waterbody	3	0	0
deutsche_behörde	3	0	0
rally_driver	3	0	0
typhoon_small	3	0	0
aseanbl_season	3	0	0
official_event	3	0	0
usa_team_handball_rankings	3	0	0
european_pool_championships	3	0	0
earthquakes_in_decade	3	0	0
death	3	0	0
dataset	3	0	0
bus_terminal	3	0	0
colombia_cabinet	3	0	0
league	3	0	0
crater	3	0	0
incident	3	0	0
paranormal_creature	3	0	0
military_campaign	3	0	0
state	2	0	0
communist_political_system	2	0	0
neodymium_isotopes	2	0	0
oxygen	2	0	0
theological_work	2	0	0
quantity	2	0	0
kommunestyre	2	0	0
germany_district	2	0	0
medicine	2	0	0
algerian_names/embed	2	0	0
finite_projective_plane	2	0	0
canadian_legislation	2	0	0
exoskeleton	2	0	0
suspect	2	0	0
alternative_medical_intervention	2	0	0
drug_mechanism	2	0	0
youtube	2	1	1
lingayat_leader	2	0	0
weather/concise_c	2	0	0
desert	2	0	0
standard	2	0	0
mtgblockset	2	0	0
painter	2	0	0
herald	2	0	0
canadian_senator	2	0	0
boxcrawler	2	0	0
pressure_suit	2	0	0
british_touring_car_championship_record	2	0	0
mobile	2	0	0
nvc_community	2	0	0
light_fixture	2	0	0
skill_certificate	2	0	0
radio	2	0	0
alternative_medical_diagnosis	2	0	0
docking_mechanism	2	0	0
gpcr	2	0	0
sports_in_region	2	0	0
recording_studio	2	0	0
hash_function	2	0	0
band	2	0	0
scotus_appointments	2	1	1
quebecmna	2	0	0
international_football_tournament	2	0	0
theorem	2	0	0
historic_area	2	0	0
antibody	2	0	0
prince	2	1	0
aus_sport_club	2	0	0
content_creator	2	0	0
last_name	2	0	0
egyptian_governorate	2	0	0
police	2	0	0
animanga/anime	2	0	0
new_testament_manuscript	2	0	0
--	2	1	0
verkehrsbetrieb	2	0	0
wind_farm	2	0	0
busline	2	0	0
planetarium	2	0	0
first_lego_league_challenge	2	0	0
scotuk_case	2	0	0
presidency	2	0	0
un_court_case	2	0	0
christian_denominational_family	2	0	0
personnalité_militaire	2	1	1
accounting_body	2	0	0
pm	2	0	0
cpbl_player	2	0	0
fiba_3x3_tourney	2	0	0
hochschule	2	0	0
first_tech_challenge_game	2	0	0
rugby_tour	2	0	0
pba_team	2	0	0
london_cycleway	2	0	0
trade_unionist	2	0	0
chairman	2	0	0
massachusetts_senate_district	2	0	0
gletscher	2	0	0
verein	2	0	0
voie_parisienne	2	0	0
nationalpark	2	0	0
tour_rugby_league	2	0	0
bus_accident	2	0	0
italy_frazione	2	0	0
revolution	2	0	0
commonwealth_games_queen's_baton_relay	2	0	0
emission_nebula	2	0	0
fcf_team	2	0	0
disney_ride	2	0	0
blog	2	0	0
ski_resort	2	0	0
professor	2	0	0
hymn	2	0	0
laser_aiming_module	2	0	0
bodybuilding_contest	2	0	0
turf_race	2	0	0
volleyball_game	2	0	0
application	2	0	0
handball_league	2	0	0
medical_test	2	0	0
parti_politique_français/couleurs	2	1	1
space_mission	2	0	0
